{"train_loss":0.19256965816020966,"train_accuracy":0.96875,"_timestamp":1.768313274519507e+09,"_step":3962,"_wandb":{"runtime":95},"_runtime":95}