{"_step":0,"_wandb":{"runtime":3},"_runtime":3,"train_loss":2.34774112701416,"train_accuracy":0.0625,"_timestamp":1.768313413784311e+09}