{"train_acc_step":0.9375,"_timestamp":1.7683179406603308e+09,"trainer/global_step":1869,"train_loss_step":0.2539627254009247,"train_loss_epoch":0.2848341763019562,"_runtime":63,"_step":1926,"val_acc":0.9435483813285828,"_wandb":{"runtime":63},"train_logits":{"_type":"histogram","values":[1,0,0,2,1,0,1,0,0,0,0,3,2,0,0,1,2,3,2,4,4,3,5,6,6,4,6,11,10,7,11,13,11,16,11,21,18,10,21,16,8,11,15,6,8,6,4,4,4,3,3,1,0,0,3,1,3,2,2,2,1,0,0,1],"bins":[-23.797147750854492,-23.191940307617188,-22.586734771728516,-21.98152732849121,-21.37632179260254,-20.771114349365234,-20.165908813476562,-19.560701370239258,-18.955493927001953,-18.35028839111328,-17.74508285522461,-17.139875411987305,-16.53466796875,-15.929462432861328,-15.324254989624023,-14.719048500061035,-14.113842010498047,-13.508635520935059,-12.90342903137207,-12.298222541809082,-11.693016052246094,-11.087808609008789,-10.4826021194458,-9.877395629882812,-9.272189140319824,-8.666982650756836,-8.061776161193848,-7.456569671630859,-6.851362228393555,-6.246156692504883,-5.640949249267578,-5.035743713378906,-4.430536270141602,-3.825328826904297,-3.220123291015625,-2.6149158477783203,-2.0097103118896484,-1.4045028686523438,-0.7992973327636719,-0.1940898895263672,0.4111156463623047,1.0163230895996094,1.621530532836914,2.226736068725586,2.8319435119628906,3.4371490478515625,4.042356491088867,4.647562026977539,5.252769470214844,5.857976913452148,6.46318244934082,7.068389892578125,7.673595428466797,8.278802871704102,8.884008407592773,9.489213943481445,10.094423294067383,10.699628829956055,11.304834365844727,11.910043716430664,12.515249252319336,13.120454788208008,13.72566032409668,14.330869674682617,14.936077117919922]},"epoch":9,"train_acc_epoch":0.9092580080032349,"val_loss":0.1715850979089737}