{"_timestamp":1.7683138850699768e+09,"_step":4794,"images":{"width":28,"height":28,"format":"png","count":5,"filenames":["media/images/images_4755_2bd552ba1fb0ef6d8f8e.png","media/images/images_4755_5fa65f0cd88d1755274d.png","media/images/images_4755_33dcf335e1e18b8f9ffa.png","media/images/images_4755_340026c9b6a3ef484000.png","media/images/images_4755_cd9a520a71de34c0bf18.png"],"captions":["Input image","Input image","Input image","Input image","Input image"],"_type":"images/separated"},"gradients":{"values":[1,0,0,0,0,1,0,0,0,0,1,0,0,1,0,0,1,0,2,2,0,2,4,3,5,6,4,25,36,91,220,2667,89354,1109,230,103,41,24,7,3,3,5,1,1,2,1,1,0,0,0,1,0,0,1,0,1,0,0,1,0,0,0,0,1],"bins":[-0.43162426352500916,-0.4182717502117157,-0.40491926670074463,-0.39156675338745117,-0.3782142698764801,-0.36486175656318665,-0.3515092730522156,-0.3381567597389221,-0.32480424642562866,-0.3114517629146576,-0.2980992794036865,-0.28474676609039307,-0.2713942527770996,-0.25804173946380615,-0.24468925595283508,-0.23133675754070282,-0.21798425912857056,-0.2046317607164383,-0.19127926230430603,-0.17792674899101257,-0.1645742654800415,-0.15122175216674805,-0.13786926865577698,-0.12451675534248352,-0.11116424202919006,-0.097811758518219,-0.08445924520492554,-0.07110676169395447,-0.05775424838066101,-0.04440176486968994,-0.031049251556396484,-0.017696768045425415,-0.004344254732131958,0.009008258581161499,0.02236074209213257,0.035713255405426025,0.049065738916397095,0.06241825222969055,0.07577076554298401,0.08912321925163269,0.10247573256492615,0.1158282458782196,0.12918075919151306,0.14253327250480652,0.1558857262134552,0.16923823952674866,0.18259075284004211,0.19594326615333557,0.20929577946662903,0.2226482331752777,0.23600074648857117,0.24935325980186462,0.2627057731151581,0.27605822682380676,0.2894107401371002,0.3027632534503937,0.31611576676368713,0.3294682800769806,0.3428207337856293,0.35617324709892273,0.3695257604122162,0.38287827372550964,0.3962307274341583,0.4095832407474518,0.4229357838630676],"_type":"histogram"},"_wandb":{"runtime":80},"train_accuracy":0.9375,"train_loss":0.23736871778964996,"roc":{"width":640,"height":480,"_type":"image-file","sha256":"9a706540011dd763dc6d3e2cb3b9ae3daa135cafb52b033517f279fd71737abf","size":24051,"path":"media/images/roc_4794_9a706540011dd763dc6d.png","format":"png"},"_runtime":80}