{"_step":0,"train_loss":2.3468639850616455,"train_accuracy":0.0625,"_timestamp":1.7683136888470614e+09,"_wandb":{"runtime":2},"_runtime":2}